Text,Label
"The financial markets are influenced by a myriad of factors, making predictions difficult.",positive
"Financial literacy is essential for making informed decisions about investments and savings.",positive
"The stock market can be volatile, with prices fluctuating based on investor sentiment and economic indicators.",positive
"Financial regulations aim to protect investors and maintain the stability of the financial system.",positive
"Access to credit and capital is essential for promoting economic growth and entrepreneurship.",positive
"The complexity of financial products can make it challenging for consumers to understand their risks.",negative
"High-frequency trading algorithms can exacerbate market volatility and lead to flash crashes.",negative
"Financial institutions play a crucial role in allocating capital and facilitating economic activity.",positive
"Credit rating agencies are susceptible to conflicts of interest and may not always provide accurate assessments.",negative
"The global financial system is interconnected, with events in one market having ripple effects worldwide.",positive
"Financial derivatives can be used to hedge against risk or speculate on future price movements.",positive
"Financial markets are influenced by psychological factors such as fear, greed, and optimism.",positive
"Financial bubbles can form when asset prices become disconnected from their intrinsic value.",negative
"Financial innovations have the potential to drive economic growth and improve financial inclusion.",positive
"Market inefficiencies can create opportunities for investors to generate alpha through active management.",positive
"The use of leverage in financial markets amplifies both gains and losses for investors.",negative
"Financial literacy programs aim to empower individuals to make sound financial decisions.",positive
"Asset allocation is a key strategy for managing risk and achieving long-term financial goals.",positive
"The practice of short selling allows investors to profit from declining prices in financial markets.",positive
"Financial markets are influenced by macroeconomic indicators such as GDP growth and inflation rates.",positive
"Financial regulators face challenges in keeping pace with rapid technological advancements in the industry.",negative
"Algorithmic trading strategies can contribute to market liquidity but also increase systemic risk.",positive
"Financial advisors have a fiduciary duty to act in the best interests of their clients.",positive
"Financial crises can have far-reaching consequences for economies and societies, requiring coordinated responses.",positive
"The complexity of financial instruments can obscure underlying risks and lead to market distortions.",negative
"Financial markets play a crucial role in allocating resources and pricing assets based on supply and demand.",positive
"The practice of front-running in financial markets undermines trust and integrity.",negative
"Financial education should be integrated into school curricula to promote responsible financial behavior.",positive
"Financial institutions are vulnerable to cyber attacks and data breaches, posing risks to customer information.",negative
"Financial analysts use a variety of tools and techniques to evaluate investment opportunities.",positive
"The principles of diversification and asset allocation are fundamental to building a resilient investment portfolio.",positive
"Financial markets are influenced by geopolitical events, government policies, and regulatory changes.",positive
"The pursuit of short-term profits can lead to unsustainable practices and market distortions.",negative
"Financial regulations aim to strike a balance between market innovation and investor protection.",positive
"Financial markets are susceptible to manipulation and insider trading, undermining market integrity.",negative
"The concept of risk-adjusted returns is essential for evaluating the performance of investment portfolios.",positive
"Financial institutions play a critical role in allocating capital to productive investments.",positive
"Financial intermediaries facilitate the flow of funds between savers and borrowers in the economy.",positive
"The financialization of the economy has led to increased volatility and systemic risks.",negative
"Financial markets provide opportunities for individuals to invest in companies and participate in economic growth.",positive
"The regulatory environment for financial services is constantly evolving to address emerging risks and challenges.",positive
"Financial engineering techniques allow firms to manage risks and optimize their capital structures.",positive
"Financial literacy empowers individuals to make informed decisions about borrowing, saving, and investing.",positive
"Financial markets play a crucial role in allocating resources and pricing assets based on supply and demand dynamics.",positive
"Financial globalization has increased the interconnectedness of markets and the transmission of financial shocks.",positive
"The use of leverage in financial markets amplifies both gains and losses, increasing the potential for volatility.",negative
"Financial institutions play a pivotal role in facilitating economic transactions and allocating resources efficiently.",positive
"Financial bubbles can arise when asset prices become detached from their underlying fundamentals.",negative
